{"blue": {"C01": {"Name": "Metro Center", "line_index": "14"}, "C02": {"Name": "McPherson Square", "line_index": "13"}, "C03": {"Name": "Farragut West", "line_index": "12"}, "C04": {"Name": "Foggy Bottom-GWU", "line_index": "11"}, "C05": {"Name": "Rosslyn", "line_index": "10"}, "C06": {"Name": "Arlington Cemetery", "line_index": "09"}, "C07": {"Name": "Pentagon", "line_index": "08"}, "C08": {"Name": "Pentagon City", "line_index": "07"}, "C09": {"Name": "Crystal City", "line_index": "06"}, "C10": {"Name": "Ronald Reagan Washington National Airport", "line_index": "05"}, "C12": {"Name": "Braddock Road", "line_index": "04"}, "C13": {"Name": "King St-Old Town", "line_index": "03"}, "D01": {"Name": "Federal Triangle", "line_index": "15"}, "D02": {"Name": "Smithsonian", "line_index": "16"}, "D03": {"Name": "L'Enfant Plaza", "line_index": "17"}, "D04": {"Name": "Federal Center SW", "line_index": "18"}, "D05": {"Name": "Capitol South", "line_index": "19"}, "D06": {"Name": "Eastern Market", "line_index": "20"}, "D07": {"Name": "Potomac Ave", "line_index": "21"}, "D08": {"Name": "Stadium-Armory", "line_index": "22"}, "G01": {"Name": "Benning Road", "line_index": "23"}, "G02": {"Name": "Capitol Heights", "line_index": "24"}, "G03": {"Name": "Addison Road-Seat Pleasant", "line_index": "25"}, "G04": {"Name": "Morgan Boulevard", "line_index": "26"}, "G05": {"Name": "Largo Town Center", "line_index": "27"}, "J02": {"Name": "Van Dorn Street", "line_index": "02"}, "J03": {"Name": "Franconia-Springfield", "line_index": "01"}}, "green": {"E01": {"Name": "Mt Vernon Sq 7th St-Convention Center", "line_index": "12"}, "E02": {"Name": "Shaw-Howard U", "line_index": "13"}, "E03": {"Name": "U Street/African-Amer Civil War Memorial/Cardozo", "line_index": "14"}, "E04": {"Name": "Columbia Heights", "line_index": "15"}, "E05": {"Name": "Georgia Ave-Petworth", "line_index": "16"}, "E06": {"Name": "Fort Totten", "line_index": "17"}, "E07": {"Name": "West Hyattsville", "line_index": "18"}, "E08": {"Name": "Prince George's Plaza", "line_index": "19"}, "E09": {"Name": "College Park-U of MD", "line_index": "20"}, "E10": {"Name": "Greenbelt", "line_index": "21"}, "F01": {"Name": "Gallery Pl-Chinatown", "line_index": "11"}, "F02": {"Name": "Archives-Navy Memorial-Penn Quarter", "line_index": "10"}, "F03": {"Name": "L'Enfant Plaza", "line_index": "09"}, "F04": {"Name": "Waterfront", "line_index": "08"}, "F05": {"Name": "Navy Yard-Ballpark", "line_index": "07"}, "F06": {"Name": "Anacostia", "line_index": "06"}, "F07": {"Name": "Congress Heights", "line_index": "05"}, "F08": {"Name": "Southern Avenue", "line_index": "04"}, "F09": {"Name": "Naylor Road", "line_index": "03"}, "F10": {"Name": "Suitland", "line_index": "02"}, "F11": {"Name": "Branch Ave", "line_index": "01"}}, "orange": {"C01": {"Name": "Metro Center", "line_index": "13"}, "C02": {"Name": "McPherson Square", "line_index": "12"}, "C03": {"Name": "Farragut West", "line_index": "11"}, "C04": {"Name": "Foggy Bottom-GWU", "line_index": "10"}, "C05": {"Name": "Rosslyn", "line_index": "09"}, "D01": {"Name": "Federal Triangle", "line_index": "14"}, "D02": {"Name": "Smithsonian", "line_index": "15"}, "D03": {"Name": "L'Enfant Plaza", "line_index": "16"}, "D04": {"Name": "Federal Center SW", "line_index": "17"}, "D05": {"Name": "Capitol South", "line_index": "18"}, "D06": {"Name": "Eastern Market", "line_index": "19"}, "D07": {"Name": "Potomac Ave", "line_index": "20"}, "D08": {"Name": "Stadium-Armory", "line_index": "21"}, "D09": {"Name": "Minnesota Ave", "line_index": "22"}, "D10": {"Name": "Deanwood", "line_index": "23"}, "D11": {"Name": "Cheverly", "line_index": "24"}, "D12": {"Name": "Landover", "line_index": "25"}, "D13": {"Name": "New Carrollton", "line_index": "26"}, "K01": {"Name": "Court House", "line_index": "08"}, "K02": {"Name": "Clarendon", "line_index": "07"}, "K03": {"Name": "Virginia Square-GMU", "line_index": "06"}, "K04": {"Name": "Ballston-MU", "line_index": "05"}, "K05": {"Name": "East Falls Church", "line_index": "04"}, "K06": {"Name": "West Falls Church-VT/UVA", "line_index": "03"}, "K07": {"Name": "Dunn Loring-Merrifield", "line_index": "02"}, "K08": {"Name": "Vienna/Fairfax-GMU", "line_index": "01"}}, "red": {"A01": {"Name": "Metro Center", "line_index": "15"}, "A02": {"Name": "Farragut North", "line_index": "14"}, "A03": {"Name": "Dupont Circle", "line_index": "13"}, "A04": {"Name": "Woodley Park-Zoo/Adams Morgan", "line_index": "12"}, "A05": {"Name": "Cleveland Park", "line_index": "11"}, "A06": {"Name": "Van Ness-UDC", "line_index": "10"}, "A07": {"Name": "Tenleytown-AU", "line_index": "09"}, "A08": {"Name": "Friendship Heights", "line_index": "08"}, "A09": {"Name": "Bethesda", "line_index": "07"}, "A10": {"Name": "Medical Center", "line_index": "06"}, "A11": {"Name": "Grosvenor-Strathmore", "line_index": "05"}, "A12": {"Name": "White Flint", "line_index": "04"}, "A13": {"Name": "Twinbrook", "line_index": "03"}, "A14": {"Name": "Rockville", "line_index": "02"}, "A15": {"Name": "Shady Grove", "line_index": "01"}, "B01": {"Name": "Gallery Pl-Chinatown", "line_index": "16"}, "B02": {"Name": "Judiciary Square", "line_index": "17"}, "B03": {"Name": "Union Station", "line_index": "18"}, "B04": {"Name": "Rhode Island Ave-Brentwood", "line_index": "20"}, "B05": {"Name": "Brookland-CUA", "line_index": "21"}, "B06": {"Name": "Fort Totten", "line_index": "22"}, "B07": {"Name": "Takoma", "line_index": "23"}, "B08": {"Name": "Silver Spring", "line_index": "24"}, "B09": {"Name": "Forest Glen", "line_index": "25"}, "B10": {"Name": "Wheaton", "line_index": "26"}, "B11": {"Name": "Glenmont", "line_index": "27"}, "B35": {"Name": "NoMa-Gallaudet U", "line_index": "19"}}, "silver": {"C01": {"Name": "Metro Center", "line_index": "15"}, "C02": {"Name": "McPherson Square", "line_index": "14"}, "C03": {"Name": "Farragut West", "line_index": "13"}, "C04": {"Name": "Foggy Bottom-GWU", "line_index": "12"}, "C05": {"Name": "Rosslyn", "line_index": "11"}, "D01": {"Name": "Federal Triangle", "line_index": "16"}, "D02": {"Name": "Smithsonian", "line_index": "17"}, "D03": {"Name": "L'Enfant Plaza", "line_index": "18"}, "D04": {"Name": "Federal Center SW", "line_index": "19"}, "D05": {"Name": "Capitol South", "line_index": "20"}, "D06": {"Name": "Eastern Market", "line_index": "21"}, "D07": {"Name": "Potomac Ave", "line_index": "22"}, "D08": {"Name": "Stadium-Armory", "line_index": "23"}, "G01": {"Name": "Benning Road", "line_index": "24"}, "G02": {"Name": "Capitol Heights", "line_index": "25"}, "G03": {"Name": "Addison Road-Seat Pleasant", "line_index": "26"}, "G04": {"Name": "Morgan Boulevard", "line_index": "27"}, "G05": {"Name": "Largo Town Center", "line_index": "28"}, "K01": {"Name": "Court House", "line_index": "10"}, "K02": {"Name": "Clarendon", "line_index": "09"}, "K03": {"Name": "Virginia Square-GMU", "line_index": "08"}, "K04": {"Name": "Ballston-MU", "line_index": "07"}, "K05": {"Name": "East Falls Church", "line_index": "06"}, "N01": {"Name": "McLean", "line_index": "05"}, "N02": {"Name": "Tysons Corner", "line_index": "04"}, "N03": {"Name": "Greensboro", "line_index": "03"}, "N04": {"Name": "Spring Hill", "line_index": "02"}, "N06": {"Name": "Wiehle-Reston East", "line_index": "01"}}, "yellow": {"J02": {"Name": "Van Dorn Street", "line_index": "02"}, "J03": {"Name": "Franconia-Springfield", "line_index": "01"}, "C07": {"Name": "Pentagon", "line_index": "08"}, "C08": {"Name": "Pentagon City", "line_index": "07"}, "C09": {"Name": "Crystal City", "line_index": "06"}, "C10": {"Name": "Ronald Reagan Washington National Airport", "line_index": "05"}, "C12": {"Name": "Braddock Road", "line_index": "04"}, "C13": {"Name": "King St-Old Town", "line_index": "03"}, "C14": {"Name": "Eisenhower Avenue", "line_index": "02"}, "C15": {"Name": "Huntington", "line_index": "01"}, "E01": {"Name": "Mt Vernon Sq 7th St-Convention Center", "line_index": "12"}, "E02": {"Name": "Shaw-Howard U", "line_index": "13"}, "E03": {"Name": "U Street/African-Amer Civil War Memorial/Cardozo", "line_index": "14"}, "E04": {"Name": "Columbia Heights", "line_index": "15"}, "E05": {"Name": "Georgia Ave-Petworth", "line_index": "16"}, "E06": {"Name": "Fort Totten", "line_index": "17"}, "F01": {"Name": "Gallery Pl-Chinatown", "line_index": "11"}, "F02": {"Name": "Archives-Navy Memorial-Penn Quarter", "line_index": "10"}, "F03": {"Name": "L'Enfant Plaza", "line_index": "09"}, "E07": {"Name": "West Hyattsville", "line_index": "18"}, "E08": {"Name": "Prince George's Plaza", "line_index": "19"}, "E09": {"Name": "College Park-U of MD", "line_index": "20"}, "E10": {"Name": "Greenbelt", "line_index": "21"}}}